{
  "startup_ke": 1250.0,
  "corporate_ke": 49.999999999999986,
  "startup_advantage": 25.000000000000007
}