{
  "rho_critical": 24.736842105263154,
  "sigma": 10.0,
  "beta": 2.6666666666666665
}