{
  "archetypes": {
    "Warrior": 0.04116533707680727,
    "Lover": 0.2085712344521494,
    "Magician": 0.0897321144582399,
    "Sovereign": 0.2185434289475689,
    "Fool": 0.05132239573988613
  }
}