{
  "ragas": {
    "Bhairavi": {
      "rho_15": {
        "scale_fit": 0.0,
        "vadi_align": 0.0,
        "score": 0.0
      },
      "rho_24": {
        "scale_fit": 32.01082016814211,
        "vadi_align": 0.354,
        "score": -14.310820168142111
      },
      "rho_28": {
        "scale_fit": 32.75953401394137,
        "vadi_align": 0.262,
        "score": -19.659534013941368
      },
      "rho_47": {
        "scale_fit": 33.112724105244794,
        "vadi_align": 0.242,
        "score": -21.012724105244793
      }
    },
    "Yaman": {
      "rho_15": {
        "scale_fit": 100.0,
        "vadi_align": 0.0,
        "score": -100.0
      },
      "rho_24": {
        "scale_fit": 40.53047561570549,
        "vadi_align": 0.162,
        "score": -32.43047561570549
      },
      "rho_28": {
        "scale_fit": 42.692117086185014,
        "vadi_align": 0.272,
        "score": -29.092117086185013
      },
      "rho_47": {
        "scale_fit": 40.95742992274088,
        "vadi_align": 0.222,
        "score": -29.857429922740877
      }
    },
    "Darbar": {
      "rho_15": {
        "scale_fit": 100.0,
        "vadi_align": 0.0,
        "score": -100.0
      },
      "rho_24": {
        "scale_fit": 41.89349889563225,
        "vadi_align": 0.276,
        "score": -28.093498895632248
      },
      "rho_28": {
        "scale_fit": 44.516800431100094,
        "vadi_align": 0.152,
        "score": -36.91680043110009
      },
      "rho_47": {
        "scale_fit": 42.13010638136284,
        "vadi_align": 0.248,
        "score": -29.730106381362845
      }
    },
    "Malkauns": {
      "rho_15": {
        "scale_fit": 100.0,
        "vadi_align": 0.0,
        "score": -100.0
      },
      "rho_24": {
        "scale_fit": 61.86195573231258,
        "vadi_align": 0.22,
        "score": -50.86195573231258
      },
      "rho_28": {
        "scale_fit": 61.369922305911516,
        "vadi_align": 0.142,
        "score": -54.269922305911514
      },
      "rho_47": {
        "scale_fit": 64.6514099188107,
        "vadi_align": 0.22,
        "score": -53.6514099188107
      }
    },
    "Bageshri": {
      "rho_15": {
        "scale_fit": 100.0,
        "vadi_align": 0.0,
        "score": -100.0
      },
      "rho_24": {
        "scale_fit": 41.89349889563225,
        "vadi_align": 0.22,
        "score": -30.89349889563225
      },
      "rho_28": {
        "scale_fit": 44.516800431100094,
        "vadi_align": 0.132,
        "score": -37.91680043110009
      },
      "rho_47": {
        "scale_fit": 42.13010638136284,
        "vadi_align": 0.128,
        "score": -35.730106381362845
      }
    },
    "Todi": {
      "rho_15": {
        "scale_fit": 0.0,
        "vadi_align": 0.0,
        "score": 0.0
      },
      "rho_24": {
        "scale_fit": 43.94550921856549,
        "vadi_align": 0.044,
        "score": -41.74550921856549
      },
      "rho_28": {
        "scale_fit": 43.21697811190154,
        "vadi_align": 0.036,
        "score": -41.41697811190154
      },
      "rho_47": {
        "scale_fit": 41.239204955858064,
        "vadi_align": 0.014,
        "score": -40.53920495585806
      }
    },
    "Marwa": {
      "rho_15": {
        "scale_fit": 100.0,
        "vadi_align": 0.0,
        "score": -100.0
      },
      "rho_24": {
        "scale_fit": 44.29410166364606,
        "vadi_align": 0.22,
        "score": -33.29410166364606
      },
      "rho_28": {
        "scale_fit": 46.38830237293373,
        "vadi_align": 0.142,
        "score": -39.28830237293373
      },
      "rho_47": {
        "scale_fit": 45.64000536659517,
        "vadi_align": 0.22,
        "score": -34.64000536659517
      }
    },
    "Kalyan": {
      "rho_15": {
        "scale_fit": 100.0,
        "vadi_align": 0.0,
        "score": -100.0
      },
      "rho_24": {
        "scale_fit": 43.60390306392644,
        "vadi_align": 0.082,
        "score": -39.50390306392644
      },
      "rho_28": {
        "scale_fit": 45.78011502675085,
        "vadi_align": 0.158,
        "score": -37.88011502675085
      },
      "rho_47": {
        "scale_fit": 46.325825250418845,
        "vadi_align": 0.218,
        "score": -35.425825250418846
      }
    }
  }
}