{
  "quality_trajectory": [
    6.090520192744597,
    6.834439498366943,
    7.678062510663859,
    7.383834387751497,
    7.838036482149645,
    7.259624896391636
  ],
  "adaptation_rate": 19.195481939945765
}