{
  "n_stagnation_points": 125,
  "pair_binding_energy": 0.42926403548054204,
  "fundamental_harmonic_ratio": 2.237514813081562
}