{
  "fixed_error_std": 3.7081451657652656e-07,
  "adaptive_error_std": 3.7722098625166097e-07,
  "surprise_rate": 0.049298597194388775
}