{
  "5": {
    "m1": 0.0,
    "m2": 0.0,
    "m3": 0.0,
    "m4": 0.0,
    "unified": 9.999999999999995e-11
  },
  "15": {
    "m1": 0.6605668710247776,
    "m2": 0.0,
    "m3": 0.17701162781231464,
    "m4": 0.03439014763878938,
    "unified": 0.0007963209771213392
  },
  "24": {
    "m1": 0.87538818617239,
    "m2": 0.0,
    "m3": 0.04465937827430009,
    "m4": 0.04675382547440473,
    "unified": 0.0006538567723844629
  },
  "24.74": {
    "m1": 0.8553395636068449,
    "m2": 0.0,
    "m3": 0.0219464379581886,
    "m4": 0.04727201966492031,
    "unified": 0.0005457914022120821
  },
  "28": {
    "m1": 0.8460722137511676,
    "m2": 0.0,
    "m3": 0.02605436651866039,
    "m4": 0.0507053130839649,
    "unified": 0.0005782096757001612
  },
  "35": {
    "m1": 0.8468856310500356,
    "m2": 0.0,
    "m3": 0.02097489859796745,
    "m4": 0.05871211360145267,
    "unified": 0.0005682809362798136
  },
  "47": {
    "m1": 0.8454011399899041,
    "m2": 0.0,
    "m3": 0.028526712516704782,
    "m4": 0.07564663677743505,
    "unified": 0.0006535458251040624
  },
  "60": {
    "m1": 0.8440767323161752,
    "m2": 0.0,
    "m3": 0.02848656676201972,
    "m4": 0.09156099139872295,
    "unified": 0.0006849882651617683
  },
  "80": {
    "m1": 0.8732203158402165,
    "m2": 0.0,
    "m3": 0.02080855262104552,
    "m4": 0.10928741717689779,
    "unified": 0.0006675502557642642
  },
  "100": {
    "m1": 0.7178385611510958,
    "m2": 0.0,
    "m3": 0.03477676073022512,
    "m4": 0.13729912946118153,
    "unified": 0.0007651488393319949
  }
}