{
  "regime_counts": {
    "FIXED-POINT": 30,
    "PERIODIC": 6,
    "CHAOTIC": 13
  },
  "epsilon_trajectory": [
    1.5,
    1.5,
    1.5,
    1.5,
    1.5,
    1.5,
    1.5,
    1.5,
    1.5,
    1.5,
    1.5,
    1.5,
    1.5,
    1.5,
    1.5,
    1.5,
    1.5,
    1.5,
    1.5,
    1.5,
    1.5,
    1.5,
    1.5,
    1.5,
    1.5,
    1.5,
    1.5,
    1.5,
    1.5,
    1.5,
    0.5,
    0.5,
    0.5,
    0.5,
    0.5,
    0.2,
    0.2,
    0.2,
    0.2,
    0.2,
    0.2,
    0.2,
    0.5,
    0.2,
    0.2,
    0.2,
    0.2,
    0.2,
    0.2
  ],
  "fixed_var": 44.56157341514531,
  "adaptive_var": 43.84133555430547,
  "reverse_var": 47.29690080113544
}