{
  "peak_ages": [
    10.0,
    90.0,
    70.0,
    20.0,
    20.0,
    20.0,
    95.0,
    35.0,
    70.0,
    35.0,
    85.0,
    95.0,
    30.0,
    20.0,
    5.0,
    55.00000000000001,
    30.0,
    40.0,
    30.0,
    55.00000000000001
  ],
  "n_artists": 20,
  "career_length": 50000
}