{
  "meta_sweet_ratio": 0.8944135284728056,
  "one_voice_cv": 2.3043711725192635e-14
}