{
  "n_voices": 100000,
  "alive": 46735,
  "pc_dist": {
    "C": 0.25486561003791197,
    "C#": 0.0631800455068624,
    "D": 0.06726099460307282,
    "D#": 0.04512535533205889,
    "E": 0.066101654539411,
    "F": 0.04845019681574353,
    "F#": 0.07973896721662933,
    "G": 0.0808890446484532,
    "G#": 0.07293050604234337,
    "A": 0.07154767817677073,
    "A#": 0.06961318912551354,
    "B": 0.08029675795522917
  },
  "dominant_chord": "C"
}