{"forward_jump": 1.1000000000000032, "backward_jump": -1.1000000000000032}