{
  "golden_coverage": 0.5555555555555556,
  "random_coverage_mean": 0.42908333333333337,
  "milestone_ratios": [
    1.5,
    1.5,
    2.6666666666666665,
    1.75,
    1.5714285714285714,
    1.3636363636363635
  ],
  "average_ratio": 1.7252886002886,
  "golden_ratio": 1.618033988749895,
  "deviation_pct": 6.628699538108647
}