{
  "stochastic_resonance": {
    "L": 5.878502014907881,
    "k": 2.6730268319840507,
    "x0": 1.5945751738230352
  },
  "yerkes_dodson": {
    "L": 1.451650035698241,
    "k": 1.7452976423477626,
    "x0": 1.1284594820229248
  },
  "kuramoto_sync": {
    "L": 0.9163697918067849,
    "k": 5.692857624730354,
    "x0": 0.876773676562513
  },
  "lorenz_chaos": {
    "L": 2093.836834232576,
    "k": 0.041116287254809356,
    "x0": -187.30225707608633
  },
  "soft_snap": {
    "L": 1.0,
    "k": 10.0,
    "x0": 0.5
  },
  "cultural_adoption": {
    "L": 1.0,
    "k": 1.5,
    "x0": 5.0
  },
  "immune_response": {
    "L": 1.0000000000579574,
    "k": 4.605170185467048,
    "x0": -1.0000000000330311
  },
  "neural_activation": {
    "L": 1.0,
    "k": 2.0,
    "x0": 2.0
  }
}