{
  "best_r": 3.45999999999999,
  "cliff_r": 3.9999999999999902
}