{
  "yd_peak": {
    "arousal": 18.0,
    "performance": 0.2419491279530567
  },
  "cultural_convergence": 18.09301788257827
}