{
  "phase_transitions": [
    0.29000000000000004,
    0.31,
    0.44,
    0.56,
    0.5800000000000001,
    0.8400000000000001,
    1.27,
    1.31,
    1.33,
    1.37,
    1.56,
    1.62,
    1.6600000000000001,
    1.76,
    1.8800000000000001,
    1.9000000000000001,
    1.96
  ],
  "n_transitions": 17,
  "best_fit": "log"
}