{
  "experiment_name": "harmonic_convection",
  "timestamp": "2026-05-23T22:09:55.122670",
  "runtime_seconds": 30.021512508392334,
  "N_SYSTEMS": 4096,
  "N_STEPS": 100000,
  "DT": 0.01,
  "SAVE_EVERY": 100,
  "parameters": {
    "sigma": 10.0,
    "beta": 2.6666666666666665,
    "rho_min": 10.0,
    "rho_max": 35.0
  },
  "musical_mapping": {
    "target_tonality_pc": 10,
    "relative_minor_pc": 5,
    "wing_modality": "left_major_right_minor",
    "projection": "azimuthal_angle_plus_z_modulation"
  },
  "final_state": {
    "mean_rho": 20.69518209023712,
    "std_rho": 3.8311236445707455,
    "mean_z": 18.69974740562072
  },
  "emergent_properties": {
    "tonality_first_half": 0.7185352744399573,
    "tonality_second_half": 0.7182715456329866,
    "tonality_gain": -0.0002637288069707866,
    "dialogue_first_half": -0.7021639186425207,
    "dialogue_second_half": -0.7265086389643938,
    "dialogue_change": -0.02434472032187307,
    "final_rho_near_ce15_fraction": 0.2138671875,
    "final_rho_near_sf24_fraction": 0.35693359375,
    "rho_flow_mean": 1.1488333940505981,
    "rho_flow_std": 1.3406533002853394,
    "n_phase_transitions": 50,
    "max_consonance": 0.6014348850254796,
    "mean_consonance": 0.5825802992339786,
    "max_tonality": 0.7391419491751563
  }
}